Id,Label,weight,group
1,v数と,3,Function
101,v数,6,Function
10101,区g,1,Function
10102,逆v数,4,Function
10103,合成v数,1,Function
10104,座,2,Function
1010401,O座,1,Function
102,O限,6,Function
10201,数列のO限,3,Function
1020101,束とk散,6,Function
102010101,束定理,2,Function
102010102,束半径,1,Function
1020102,はさみうちの定理,1,Function
1020103,コ`シ`の束判定定理,3,Function
10202,v数のO限,4,Function
1020201,O限存在定理,1,Function
103,涫,1,Function
2,чv数,9,Derivative
201,微分S数,4,Derivative
20101,平均浠率,2,Derivative
20102,瞬g浠率,2,Derivative
20103,微分可能,12,Derivative
2010301,BA,6,Derivative
2010302,中gの定理,1,Derivative
202,接,1,Derivative
203,微分,7,Derivative
20301,o限小,1,Derivative
20302,微分商,1,Derivative
20104,чv数の算公式と定理,1,Derivative
20303,相`差,1,Derivative
3,不定e分とчv数の算,10,Indefinite Integral
301,原始v数,4,Indefinite Integral
30101,e分定数,1,Indefinite Integral
30102,e分の算定理,6,Indefinite Integral
3010201,有理v数のe分法,2,integrals
3010202,三角v数のe分法,2,integrals
3010203,o理v数のe分法,1,integrals
3010204,指数v数のe分法,2,integrals
3010205,数v数のe分法,2,integrals
302,合成v数の微分,2,Indefinite Integral
303,置Qe分法,2,Indefinite Integral
30401,g{性,1,Indefinite Integral
30402,逆v数の微分算,1,Indefinite Integral
305,部分e分法,3,Indefinite Integral
4,指数v数と数v数,7,Exponential and Logarithmic 
40101,2定理,1,Exponential and Logarithmic 
40102,自然数,1,Exponential and Logarithmic 
402,指数v数と数v数のчv数,4,Exponential and Logarithmic 
40201,数v数の微分,3,Exponential and Logarithmic 
40202,指数v数の微分,2,Exponential and Logarithmic 
403,数微分法,2,Exponential and Logarithmic 
404,双曲v数,3,Exponential and Logarithmic 
40401,双曲v数の公式,1,Exponential and Logarithmic 
40402,双曲v数のчv数,1,Exponential and Logarithmic 
5,三角v数と逆三角v数,4,Trigonometric
501,三角v数,5,Trigonometric
50101,倍角の公式,1,Trigonometric
50102,半角の公式,1,Trigonometric
50103,三角v数の加法定理,1,Trigonometric
502,三角v数のчv数,3,Trigonometric
503,逆三角v数,2,Trigonometric
6,有理v数の不定e分,4,Rational
602,有理v数のe分に⒆扭丹欷敕e分,1,Rational
60101,部分分数分解,1,Rational
7,定e分,10,Definite Integral
70101,e分可能,2,Definite Integral
70102,区分求e法,1,Definite Integral
70103,定e分の算,1,Definite Integral
70104,定e分の定x,2,Definite Integral
70105,定e分の基本性|,1,Definite Integral
702,微分e分学の基本定理,3,Definite Integral
70201,e分の平均の定理,2,Definite Integral
8,平均の定理,6,Mean Value Theorem
80101,コ`シ`の平均の定理,1,Mean Value Theorem
802,不定形のO限,4,Mean Value Theorem
80201,ロピタルの定理,1,Mean Value Theorem
9,テイラ`の定理,2,Taylor Theorem
901,高Aчv数,4,Taylor Theorem
90101,ライプニッツの公式,1,Taylor Theorem
90201,テイラ`展_,3,Taylor Theorem
90202,マクロ`リン展_,3,Taylor Theorem
10,"v数の加とp少,O",5,Increase Decrease and Extremum
1001,v数のp,1,Increase Decrease and Extremum
1002,O大とO小,2,Increase Decrease and Extremum
1003,v数の凹凸,3,Increase Decrease and Extremum
100301,淝点,1,Increase Decrease and Extremum
11,e分の,2,Integral Expansion
1101,诹xe分,4,Integral Expansion
110101,有限区gにおける诹xe分,1,Integral Expansion
110102,特e分,1,Integral Expansion
110103,o限区gにおける诹xe分,2,Integral Expansion
1102,ガンマv数とベ`タv数,1,Integral Expansion
12,面eと体e,5,Area and Volume
1201,面e,2,Area and Volume
1202,曲のLさ,2,Area and Volume
1203,回体の体e,1,Area and Volume
1204,回体の让娣e,1,Area and Volume
13,平面曲,3,Plane Curve
1301,曲のパラメ`タ`表示,4,Plane Curve
1302,曲率,7,Plane Curve
130201,曲率半径,2,Plane Curve
1303,伸_とs],3,Plane Curve
14,数,4,Series
1401,o限数,7,Series
140101,正数,2,Series
140102,コ`シ`の判定法,1,Series
140103,e分の数の束への暧,2,Series
1402,テイラ`数,4,Series
15,微分方程式,3,Differential Equation
1501,微分方程式解のN,2,Differential Equation
150101,初期条件,1,Differential Equation
1502,1A常微分方程式,2,Differential Equation
150201,同次形,1,Differential Equation
1503,2A形微分方程式,2,Differential Equation
150301,基本解,1,Differential Equation
1501,微分方程式解のN,2,Differential Equation
150101,初期条件,1,Differential Equation
1502,1A常微分方程式,2,Differential Equation
150201,同次形,1,Differential Equation
1503,2A形微分方程式,2,Differential Equation
150301,基本解,1,Differential Equation
