Id,Label,weight,group,
1,数列,10,number sequence,0
101,束とk散,8,number sequence,1
102,g{性と有界性,8,number sequence,0
103,束性,8,number sequence,0
104,はさみうちの定理,8,number sequence,1
105,O限,8,number sequence,0
2,数,10,series,1
201,正数,8,series,1
202,交数,8,series,0
203,~束数と条件束数,8,series,0
204,整数,8,series,0
20401,束半径,6,series,0
3,v数,10,function,1
301,o限小,8,function,1
302,BA性,8,function,0
30201,中gの定理,6,function,0
303,逆v数,8,function,1
305,合成v数,8,function,1
304,v数のグラフ,8,function,0
30401,v数のp,6,function,1
30402,Oと求め方,6,function,0
30403,最大と最小,6,function,0
30404,曲の凸凹と淝点,6,function,0
30405,き方,6,function,0
4,微分法,10,differential,0
401,微分S数,8,differential,1
402,чv数,8,differential,1
405,高次чv数,8,differential,0
40201,基本的なv数のчv数,6,differential,0
40202,基本的なv数の高次чv数,6,differential,0
40203,平均の定理,6,differential,1
40204,テイラ`の定理,6,differential,1
40205,テイラ`数,6,differential,1
40206,不定形のO限,6,differential,0
4020301,ロルの定理,4,differential,0
4020302,コ`シ`の平均の定理,4,differential,1
4020601,ロピタルの定理,4,differential,1
4020401,マクロ`リンの定理,4,differential,0
403,微分法の公式,8,differential,0
404,媒介涫,8,differential,0
5,e分法,10,integrals,0
501,不定e分,8,integrals,0
50101,e分公式,6,integrals,0
50102,部分e分法,6,integrals,1
50103,置Qe分法,6,integrals,1
50104,有理v数のe分法,6,integrals,0
50105,三角v数のe分法,6,integrals,0
50106,o理v数のe分法,6,integrals,0
50107,指数v数のe分法,6,integrals,0
50108,数v数のe分法,6,integrals,0
502,定e分,8,integrals,1
50201,定e分の定x,6,integrals,0
50202,BAv数の定e分,6,integrals,0
50203,定e分の基本性|,6,integrals,0
50204,定e分の平均の定理,6,integrals,0
50205,微分e分学の基本定理,6,integrals,1
503,诹xe分,8,integrals,1
50301,特e分,6,integrals,1
50302,o限e分,6,integrals,0
504,定e分の暧,8,integrals,0
50401,面e,6,integrals,1
50402,O座,6,integrals,1
50403,O座摔潜恧丹欷肭,6,integrals,0
50404,O座摔潜恧丹欷硇韦蚊娣e,6,integrals,0
50405,曲のLさ,6,integrals,1
50406,立体の体e,6,integrals,0
50407,回体の体e,6,integrals,1
50408,回体の表面e,6,integrals,0
50409,定e分の近似算,6,integrals,0
6,偏e分法,10,partial integrals,0
601,平面上の点集合,8,partial integrals,0
602,2涫v数,8,partial integrals,0
60201,2涫v数のO限,6,partial integrals,0
60202,2涫v数のBA性,6,partial integrals,0
603,偏чv数,8,partial integrals,0
60301,偏微分S数,6,partial integrals,0
60302,全微分,6,partial integrals,0
6030201,全微分可能性,4,partial integrals,0
60303,接平面,6,partial integrals,0
6030301,接平面の方程式,4,partial integrals,0
60304,合成v数の偏微分法,6,partial integrals,0
60305,高次偏чv数,6,partial integrals,0
6030501,偏微分の序Q,4,partial integrals,0
60306,偏微分作用素,6,partial integrals,0
604,2涫のテイラ`の定理,8,partial integrals,0
60401,2涫v数のO,6,partial integrals,0
60402,v数の微分,6,partial integrals,0
6040201,v数の存在定理,4,partial integrals,0
6040202,v数のO,4,partial integrals,0
60403,条件付きのO,6,partial integrals,0
6040301,ラグランジュの未定\数法,4,partial integrals,0
60404,曲の特点,6,partial integrals,0
60405,包j,6,partial integrals,0
7,重e分,10,multiple integrals,0
701,2重e分,8,multiple integrals,0
70101,2重e分の定xと性|,6,multiple integrals,0
70102,累次e分,6,multiple integrals,0
70103,e分の序交Q,6,multiple integrals,0
702,涫Q,8,multiple integrals,0
703,诹xの2重e分,8,multiple integrals,0
704,重e分の暧,8,multiple integrals,0
70401,体e,6,multiple integrals,0
70402,曲面e,6,multiple integrals,0
70403,3重e分,6,multiple integrals,0
8,微分方程式,10,differential equation,1
801,微分方程式解のN,8,differential equation,1
802,常微分方程式の作成,8,differential equation,0
803,1A常微分方程式,8,differential equation,1
80301,涫分x形,6,differential equation,0
80302,同次形,6,differential equation,1
80303,1A形微分方程式,6,differential equation,0
80304,ベルヌ`イの微分方程式,6,differential equation,0
80305,クレロ`の微分方程式,6,differential equation,0
80306,完全微分形,6,differential equation,0
80307,e分因子,6,differential equation,0
804,2A形微分方程式,8,differential equation,1
80401,定数S数の同次形微分方程式,6,differential equation,0
80402,定数S数の非同次形微分方程式,6,differential equation,0
80403,定数S数でない形微分方程式,6,differential equation,0
